{"file_hashes":[{"block_hashes":["FqyaE6uRooRdrF2Rj127fAeLS2oeHhiTuN/v80kzFEY=","LEJGD1tEiTWezgH1my6NqJswmxt+pypTD78oMNd5c/A=","5Wbg+fc4fVkZ2pqssy/+qoqCv+Jz13YDq/w7obuR0ms="],"block_size":4096,"path":"content-script/browser-polyfill.min.js"},{"block_hashes":["yip3LZbPZ5ZdCBNq0mk2dbMDe/wC0InHFCwxbt0BSlg="],"block_size":4096,"path":"content-script/contentScript.css"},{"block_hashes":["icelHUxE29alI1OurkDbPq7gOd1r5WKpdVtPHIuE3Rs=","ov4gdgL1EU/HZYrmi7RTQH8EGxGcmVb4IeUZUHRwW6c=","fxcM244jL2Rtt95H8zGw4QSoibbimuccGMC69gQDqPI=","m4IEcTfhCxOp1xd4SqQip1gMWiXLhHqntQx4cOYlUIw=","AzaF5tPOjN7+SZe2H9l4cf3oMswDIOlHKOFh2XT2zUI=","CEQuFtf5gU1hMlGoTygT1Ehp10O83W/gLAi7r3AXQD4=","GhZ+F8hEH01EfR/B6liUhSf9ghOZL2TASBlkjFTKIso=","uhJGDmOyLe82HGvdKaIdqVhfnfRs9z5V7C9t1AS5OsM=","78LG0s3YQrqEF1npRGn/0SAd5/L9kOXRAISENwCgl3s=","BSbTng9WFZnfIoN6dOWuJVKDKANeF79lRPgX8IEi4w4=","dv1EszDcmrKAWqzBKGSo8LPKHVFR2KDJnXHcfkkvA6Q=","3ueasGMrle2BCX7KDsOHImd2Qk5/TJmDKczSkPjoXtc=","hrm9sWZGO1k5sZD8cATp5SkRkuKUxOU5OsPBY2HorVc=","TxbK3R/mzyBn9nRXnIYrFGzzWCrRGL4jOb7A6yaom7M=","NicNSihzFTWyYXlT2yckEFbBLfK6r0pkT+4md3pmJj0=","iHIAuJuIy4KkdqFujUz3LlX+MtenFjhJ0CZpvvy4WHw=","WKbSvkw0z0SM4Q/JR+gkJC8RdiyRGFoFSg7ZyRDk/JU=","t0nQHsdpzNyUV9/RFl02OAyzp7zTej4bChXcu4P94Z8="],"block_size":4096,"path":"content-script/contentScript.js"},{"block_hashes":["rR6spbA5RyTSaGi2NX3EoMeneidSj/yP7yX3oeiU0Xk=","AuoPNbP2cAyAmPmu3H9OOf2du9xv+MOrA1iGAmu/HII=","Mn1PqIyGkanUBlsJsXSU0c5njBnXM9g3xLoVgGBSpWY="],"block_size":4096,"path":"content-script/web-page.js"},{"block_hashes":["sKsL3rNeWzc0XeuTN3tk09BgeDODQKFNoXek05c4ZLo="],"block_size":4096,"path":"extension/background.js"},{"block_hashes":["CbMIxx09Rvq4csQPBlDk34c88oH+sc7mEvmdUi1qwD8=","OknYUXqVWv04CnNeIDsScjtPfJAtAvIoSHPoJ7a1vrA=","PO5Cl3tAcrZYJQoKNvkWjx7No6aHGzivGZ2pFaEjcPo=","JHgVtzsVijad22iyVdFXjGvckjamX/akbdsiGEHx3wY=","sBEsBmAFqsW4QKhp2GtFhw+ELCzXXlGaHINXjDbKeo4=","oAu+qUkq8w4N+93DuI6ZwP2tU2Q6XNY/ZFMu45bVy+g=","kEX9MvfcDza6S4hfu8QSP+1gjKVs7YR0iFBezBZA6VY=","6LAPRFa99akq4cHwdTUkxV0DiSB2K1P5X2qUoFEsm+Y="],"block_size":4096,"path":"extension/captureEvents.js"},{"block_hashes":["RGo98QJhbBCV3ngeMekLLkp5OM7eMMePkrUBXT7i8d8="],"block_size":4096,"path":"icons/addDriverCommand_black.svg"},{"block_hashes":["99SX5+whVlNdlHDBGxHXXUUYAGmwqpHpG1a90nn+M5g="],"block_size":4096,"path":"icons/addDriverCommand_blue.svg"},{"block_hashes":["QapKZuEkpz7Ptr2QdoOWNuFlsi8HarPsPNQk79fXVFk="],"block_size":4096,"path":"icons/addDriverCommand_yellow.svg"},{"block_hashes":["WKD6L795YaXhGV9w4NyDwRJvoEMBDAJtItD9hgz/1Jc=","FFC+P4jCR0duutSJ0lQoKfwBm1tezj3Gk9UYuPw9qFA="],"block_size":4096,"path":"icons/alert.svg"},{"block_hashes":["9WQjtq3xR8Nx216Y1odBrw1mWjWdOCcnNBoKbgY6Spg="],"block_size":4096,"path":"icons/attrFilter_black.svg"},{"block_hashes":["dHib2EWrIG1Lbqd96ZqkMlbPRBUWrIhs3C5ZcuAti1s="],"block_size":4096,"path":"icons/attrFilter_blue.svg"},{"block_hashes":["zd0ndqHbMFOh9sps5F19w01/UJaE4YU9Lw7Bv+pssTY="],"block_size":4096,"path":"icons/attrFilter_yellow.svg"},{"block_hashes":["6x7/lxd5Sy25uOME3xiSEP+4dIhzeV5+/sNdGlgUOSo=","G5Zvt9b8VlZeI3MWl42m7xWSubz6AUC6Tfew1blsULw=","1JnOcy4Ya279+RahqiZwIg4LBa0niExZBt2uxXOAMGw=","N5sXGaoGwkBwrTeNEwH/4RUFw5aeCMyo5txm0rqDDaQ=","s3lkP+yxohXCADJiAsvnwm3z/jKo6sY3Y/Ec0FnIb/Q=","hqLKeS7Kk86A4J6oEKUDsm+FJ349vBN+tlXho+JhyJ4=","qchKV7M+OuWIp0pWmo6MkZjxuKVtvCX/AVGQAAOThDk=","cQpGykIowWxOz9J5CCC5WrthPfONSkvdEe2WqG2HJ0w=","sIpt2gIMA4x455sFz12sCdNAgnXCngH6A+2I8dnLtfo=","e9jS+NwVX6/TPRCligNixqhtz3BaazXif7+io9P23fQ=","puBf0CUBvLQXgqwz8WVmYo2ljtJvyW3C2HHahzOJAm4=","zRiNopf9+PVA4so78XBLuTs38MUfEAHAtoIIzF01OMs=","0nsHg0GfU3oWBXABHwwsbOV5lxrN0//h/2mY/8N8uec=","BbE1pLXNiSM1jbfU74rPPHorvJUMlDxh/SGQFb0tjM4=","sX69qtz9xL3qs9Ii615TmAjFslQlQK52b/cK8BIEInU=","Jcr1qcrCBNStxdBHSjCgPLu9t5mURLyZxruKpYXt8Js=","FkCqnSfYexMgI1RLovKmnZC9UA8ClgHgwFKYnGkn+2U=","ksBo+NSkN4kvi20Fa7hctI54Fkb045Rms5G88152C7U=","uoUNkAutI7EEz0Jdb3GBhFH+d+ZCoZz+nQ+qPHCEg6c=","lsLjoDrxbmCb+mpH+A04mxvDi3znQyBqY+CRbY9NbE4=","P5oHtjZjR4VYOxM3cYwD3iT3cMxDYJT4ZFcKcMTUuZM=","E2LMOnwzRenONS2ewssPR/7A62yfdyyNZmhimw3dX4U=","m3ZsCa/p6D1MR+zWk0a8qfTsfgvGw3t7dh7Zzn0FFv8=","zJiEkngLjCznHH37OfLpvsyHbISRJOD/4HI6HJWIVW0=","kdZf2m5o2RZLhheS1/9hjuVqdcDeU5Pd+5aj6YDgg6c=","ykIwQn2gHYVMyNZWnqfy5VhbCBaOjy3vibT59GA4Yo0=","CCxHQzS51IxDYLLig5h0S7rQL8xVncP5UUgW7Ec8O4c=","iP1/SKycIQTcNXpmPoqs1hBY0MHATq6LN0iLLZVxuZU=","sz2hIJCFTfm9IAvbdu4riU9gLSA34D376I6Hc/i6wk4=","ZV9DLlBQilx/GeXJ1MA6U/wWL6tlfqqG9YKoZ48rqqA=","upLSBPvQHOTwcRuE5iKbjcUqOGzFB1qE7RUXJ7bIC7g=","L+WBWkjGwL5pguRSHF0xwOVpjVyj4jonu8BGED/IAzY=","5b9yt22dOCs/2I3x7O1RXa1PPKWb4eiHDprXO8wfyyo=","w3+E3F/1vBY2PWP+QoY0Qh/DrCuT4IBlN2uq0CgczEM=","4ye684F3PRR3ezdjdETiY9bMrA2AoG4jrlLGhMap9Lg=","yQdP58LU5LzPw0st9x0R2xV8Iig74e+UrOag/WGHkaA=","HPmSttK7aya/MYgHgq19HQ90oURcxlcNb5VOIFP+HtQ=","8Ppg6EmM7JNLpKr3exU9jISrrcIQMOmV8zlhsPOiysc="],"block_size":4096,"path":"icons/bugasura.svg"},{"block_hashes":["FVSaGLsTcv7irWlqgyqyLdammYD8dzhUtLgosx5QX/g="],"block_size":4096,"path":"icons/capture_black.svg"},{"block_hashes":["aEMDvTkXw3CFM8BLYJUa2wt5K5SLnb5pMVaG2QisZQs="],"block_size":4096,"path":"icons/capture_blue.svg"},{"block_hashes":["yiewJRhzxpMWTb+883wwdKni4KZUFf4HNamCFqDamgM="],"block_size":4096,"path":"icons/capture_red.svg"},{"block_hashes":["DoowV4TYAbC6O9uX2JcUqB8b+WE5OT9sEdm5G3/kfB8="],"block_size":4096,"path":"icons/capture_yellow.svg"},{"block_hashes":["dBjVIhxlrMxB+wfjf9ocKNcnDIm46SuZElFRfsrSs0E="],"block_size":4096,"path":"icons/checkbox.svg"},{"block_hashes":["U4Ekrt1ax9hSZP01wKrm7+4DarZ9bC9donO2Cf9r/xY="],"block_size":4096,"path":"icons/close_black.svg"},{"block_hashes":["l/mKZilO6aklkrzO5QtExea3RG1J4mP1oR6YVnysfsA="],"block_size":4096,"path":"icons/close_red.svg"},{"block_hashes":["S5dcgYRze286hcBPtNiC8ZfOJQBwSf6RKErnmLNVTWA="],"block_size":4096,"path":"icons/close_white.svg"},{"block_hashes":["LgfkNEh3aZtk67KVT4QuXECtQFLuqDVDCzV0simITtA="],"block_size":4096,"path":"icons/copy_black.svg"},{"block_hashes":["sKaz+G55Lh31kLPbDmnHyIciQNxsLgLhQbQsBLCzLkw="],"block_size":4096,"path":"icons/copy_blue.svg"},{"block_hashes":["ZkpGja5tooqftYOdzEHH7gUsRDZDDnEqMMuG7HXWwWY="],"block_size":4096,"path":"icons/copy_yellow.svg"},{"block_hashes":["xVRySfsKl+uudQjeh6Olz0KmBpv/0Pm88/QW21mW9qo="],"block_size":4096,"path":"icons/creator.svg"},{"block_hashes":["4b5fTqyFTkEyCjkx1xu8QM/FSA9k+48ywyISmNM9YBE="],"block_size":4096,"path":"icons/debug_black.svg"},{"block_hashes":["gGQR9CfJ7nXiAqOuNvhsjgvaNQm21CzeHHZw7PyQmoo="],"block_size":4096,"path":"icons/debug_blue.svg"},{"block_hashes":["508Uh5sU/LGuI1zWYHaKgFVDrDgzkWUN5BW8O6lft2Q="],"block_size":4096,"path":"icons/debug_yellow.svg"},{"block_hashes":["ogDmfaUlLSAx/ClXec0jQ0bzx4fKTEYFWphEYh/2SYU=","sCwwxgZE2YS9gFaQ2CDLjN73Jh77fEQgSsEfFYlFMsE=","gJ4ANnK/u009RUwZGEb24Phm8DfyIf2/kTTMkxbKZUU=","6miNGhT/mQCnEKQQl4KXW69KbAjMHYo16fbfNY6c+xk=","RwT8a9/3lvhagPHLZqxu+oD/9NzHrKRRsRGoVC8wwf4=","EE5ikXS/pLYW6tEswLv0esd+M7vmXysC4ThOCg0G0yA=","ZG14T4Q0VnOAdtQurKcSyJ/YRKYDyicjKBqgNmUGSr4=","BUquXAWg2K+90B0j3T+vOaknG8EGczDkgV2niHl0cBg=","gffw2bqDjPcR2iadTd0ruqV+5jD8rQ0nrfLagihXCGI=","ltSpkvUrwDojbJY3JMdGZ5gj9iciCihK2xujuERBYBI=","SeQ0ukW3wrAA6/dI5ATezoqjWbpOgPZNnlMCRv1eLgo=","1A9vqFLasWFeiRaGAGg6wW9rUj6mZhyd1+32FCp11bw=","nKMHUG6fmgbmtMUkuqBC35FX1jx7HAWw1cORm+AyhvM=","+gT3T9P6KCOesTZy8M0qMl0VsIpuMjYVmdi2iXm+1qw=","hxZP1+N33nkb2TmbKGCa/7xgNuDoZHlndnk2y4BgGvU=","Z/fYIa0LjVJwBvHpA2owt7z80JY0hF6hdUWZcc7QjxY=","nsPmAFcjhnFk6zzM8j0ZRsiIX98zcM3gNcxnORdk3YQ=","9nJl1iYAWVVnUPSKS5gA18wqz1YBiIzw0FLCRBi0Ce0=","g/rxC/VvQ5HhN7gJsil6Gr5lKSnXlu1GuEr1jTD2Gvc="],"block_size":4096,"path":"icons/defaultTheme.png"},{"block_hashes":["99FHTzyhtcd5MF0Tj5TcHQQTMV7sxyvuYtP3IxQWq7I="],"block_size":4096,"path":"icons/delete_black.svg"},{"block_hashes":["xHBwYVFsepAF1J2VQkitP6I1nRHuiDWzErAsxMjTTkk="],"block_size":4096,"path":"icons/delete_orange.svg"},{"block_hashes":["xEkDysNf+H0R1jDiDt198vGUxuJIPzSk8Frc/eMaSHw="],"block_size":4096,"path":"icons/delete_red.svg"},{"block_hashes":["N4AUjYeeizXolPwS5+AOONeDeiSGY8IHZ9uYPhvyhQc="],"block_size":4096,"path":"icons/donation_black.svg"},{"block_hashes":["4ZSfveChplCxK+AHM4hUYuQnUgmozO1Tk4kVzkJ8L2E="],"block_size":4096,"path":"icons/donation_blue.svg"},{"block_hashes":["GTZYPQj8MVn5vR9zPbiaep+6qCeQbrgi0N79RE/TFgI="],"block_size":4096,"path":"icons/download.svg"},{"block_hashes":["i/OMYmaHVfwHjfa1rhU63ZGdrmrO8T938BkpiZtxXys="],"block_size":4096,"path":"icons/download_black.svg"},{"block_hashes":["2R7SmqMsbM106q7bg0OtiHDM6Kl2JxnegphqY1uXuEE="],"block_size":4096,"path":"icons/download_yellow.svg"},{"block_hashes":["CgVIvQQCq5PAmxqGU24lLq7j9jlb3HueIHycAShLRp4="],"block_size":4096,"path":"icons/edit_black.svg"},{"block_hashes":["dwTr9+jbTVCeJ66t5+vv8rJe6hvU7R+nsE/5F6eIu6M="],"block_size":4096,"path":"icons/edit_blue.svg"},{"block_hashes":["otV9SG2X5p7Luw06Ykyws9EAERFIz11xA8ac6DfYiuk="],"block_size":4096,"path":"icons/edit_yellow.svg"},{"block_hashes":["ISKsgqgWhSzKc/QEQT+JehP5jsmF6GlFOQZuNt9ol+U="],"block_size":4096,"path":"icons/editor_black.svg"},{"block_hashes":["wtn1kxMAQAYPwwQbYczI6X0N4ctRyhLAycd3uNr5vU8="],"block_size":4096,"path":"icons/editor_blue.svg"},{"block_hashes":["6tb7WbW5tV48Ofm3e4rcg++HhEkqYMIbJ2ye2ztrixg="],"block_size":4096,"path":"icons/expand_blue.svg"},{"block_hashes":["eaHIk9//4n8kv1Z4acD+GNqH/VwbkGvqpPMLUkaSWcY="],"block_size":4096,"path":"icons/expand_gray.svg"},{"block_hashes":["jk8wpsETeaichwch2zmLm9yOYw4maMTr2mExNdTd6Ng="],"block_size":4096,"path":"icons/expand_yellow.svg"},{"block_hashes":["HG4OONajsio7SP15hv5UjOlpgEWkRFXrbUx9ZubJrQA="],"block_size":4096,"path":"icons/export_black.svg"},{"block_hashes":["z2aH4DJm0MVc+N5SOzK4NS7L9Mf5L+A4dWf4uDaihXw="],"block_size":4096,"path":"icons/export_blue.svg"},{"block_hashes":["9Kv93DTC4vFBLQNZ7jYL58Zi8u6Dq85+L2kMD+PNb7E="],"block_size":4096,"path":"icons/export_yellow.svg"},{"block_hashes":["ATHT5BEjx6HcFADL97ZQngroXNLM81gQxK3X/TYRpg8="],"block_size":4096,"path":"icons/facebook_black.svg"},{"block_hashes":["FG4LNWfj+QYM3k58w5DNq1cq172dNfEuMw0pjIiEfzE="],"block_size":4096,"path":"icons/facebook_blue.svg"},{"block_hashes":["9lmcJPGvBjp+Kb+ZSgU3mzbiVfkrw4k6BVw13Mg9Xnw="],"block_size":4096,"path":"icons/facebook_yellow.svg"},{"block_hashes":["sgkdAo4vihBMqCW2Ay0CrR0BAemhiceWY4o5IKAr/8A="],"block_size":4096,"path":"icons/functionInfo_black.svg"},{"block_hashes":["fxLHGdjOYtpmbnseNRrahVKJOMV4Uz6HcQM7WJ0HhBo="],"block_size":4096,"path":"icons/functionInfo_blue.svg"},{"block_hashes":["cdhW+x6xQf/kdEG2cjlTX8t4oy5ASXyri19Ipo6YFyc="],"block_size":4096,"path":"icons/functionInfo_yellow.svg"},{"block_hashes":["Bv3T9lZmbvmuEVcqjWhzjHSDHmukxG2I8bqUuMhBnfI="],"block_size":4096,"path":"icons/github.svg"},{"block_hashes":["+aHm5hvdMC0QsklgyFPUKtRhI9P6t9FQUroYZbIoFS8="],"block_size":4096,"path":"icons/github_black.svg"},{"block_hashes":["fWkZ/seLFZT+r4nZjBiLfeQuPEu/X7xdNLBHRi7jziM="],"block_size":4096,"path":"icons/github_blue.svg"},{"block_hashes":["fj2errgdVteFzaTWFgU3yt0+jA/yZ3r+ofqYpXtZUGA="],"block_size":4096,"path":"icons/github_yellow.svg"},{"block_hashes":["q2eZk8gxUdepHTV2HsvyeE+dJfCrz8SSiQtXCJrjBIQ="],"block_size":4096,"path":"icons/ignoreCase_black.svg"},{"block_hashes":["EIPIkNt+icxYW0oG3DZB0eDl59clgR0Ffk2UxqkHzlc="],"block_size":4096,"path":"icons/ignoreCase_blue.svg"},{"block_hashes":["il5MF8JW31gW66L6vfKp8zUwrrXd2Pn3TXlzRVeFIqY="],"block_size":4096,"path":"icons/information.svg"},{"block_hashes":["hax/qPQUFGP/hSbboqUC6m/b1gs0WnutFnNwg2SD8+4="],"block_size":4096,"path":"icons/instagram_black.svg"},{"block_hashes":["n9rPFXTDED35Ao/JF/MroUgX77CIRM7fJFFnk6jW+qU="],"block_size":4096,"path":"icons/instagram_blue.svg"},{"block_hashes":["syg82QPWABrlPIWF5aRuYU3HCfTAf38BL/kzBTXLdVo="],"block_size":4096,"path":"icons/instagram_yellow.svg"},{"block_hashes":["kkhKBxete9ojYpuT4nhan7R8MFnwp5OYm7LshDw8pE8="],"block_size":4096,"path":"icons/linkedin_black.svg"},{"block_hashes":["Q1zZbhURGjVYhQaP5osHvd6TAG/oGLhEOB+MzqZLmWk="],"block_size":4096,"path":"icons/linkedin_blue.svg"},{"block_hashes":["t3Q37IjM5rfJ3f8fP47GzzJgjrE9fKTY+Z3+1fc7zM0="],"block_size":4096,"path":"icons/linkedin_yellow.svg"},{"block_hashes":["SI4/0CSAOoU2L0HI1NP1d0hqIcH8o5pfYpbmkkaIDqw=","WGa2DmoX7jYVOG4AGt+ogf0hSgYix0lIL3kJQy7mIlM=","/IfkJ2k0HSQBnaM6KbBYB8MlDZk51IZovIqm+FMqIrM="],"block_size":4096,"path":"icons/maintenance_black.svg"},{"block_hashes":["j8dCM2k8zd2M8lr7b/3NclPfDK++X8JT56w+w5sgIMk="],"block_size":4096,"path":"icons/maintenance_blue.svg"},{"block_hashes":["OueUrfaJXJRxaHX49+H+VuODh3+DMDmQiVGNu+Qu/RU="],"block_size":4096,"path":"icons/maintenance_colors.svg"},{"block_hashes":["qFoaaXq16SdIcDa4HADVgVZUXiRGBugtE5Y9ljisQqk="],"block_size":4096,"path":"icons/maintenance_yellow.svg"},{"block_hashes":["tUQknPYM6z34BF/d+oTW9tq5yZMkaq3MDuV8E/z/Ibc="],"block_size":4096,"path":"icons/pause_black.svg"},{"block_hashes":["d5RmTUMrTMD3HwgCazIBApyXvDyKoZRxU8AGWyKepco="],"block_size":4096,"path":"icons/pause_blue.svg"},{"block_hashes":["O9POd1KIPfYtb+wC3tnJbtDZ5baxC+mMUj0pK6dFRbc="],"block_size":4096,"path":"icons/plus_black.svg"},{"block_hashes":["ad8q6eMCVlX92Egq6S1VSXOBiahs7qkeD/RZUyYo2F0="],"block_size":4096,"path":"icons/plus_blue.svg"},{"block_hashes":["g+WqELllhppCasNxK9vby4+KQbvkwCjteSPZolNYb80="],"block_size":4096,"path":"icons/plus_yellow.svg"},{"block_hashes":["PWRcvmvGKJmY+kOsmKNr0eYe7JLFzq3GNz4/l67El2c="],"block_size":4096,"path":"icons/quotes_black.svg"},{"block_hashes":["fHHlMF0znSb7M5+PU7k4h6iMrKEpkUEcy8LBUZQ9kvo="],"block_size":4096,"path":"icons/quotes_blue.svg"},{"block_hashes":["aHbUXL0EM8GydSb+uK2Kwn7z0bRrycB0BOFbw4gx2nY="],"block_size":4096,"path":"icons/quotes_yellow.svg"},{"block_hashes":["MTaYO2XN+uf4R7mWdon/uq9E7lBwTHJcZ/RqQTsTCtA="],"block_size":4096,"path":"icons/rating_black.svg"},{"block_hashes":["Zm3BnzQqM7M8VmZJ3xwvIQocaA149N7e3ZcPVMWXE20="],"block_size":4096,"path":"icons/rating_blue.svg"},{"block_hashes":["Ygn8WXGrau3sc3Fihk43UQI1pto+OcBVm7HeFtLcV2A="],"block_size":4096,"path":"icons/rating_yellow.svg"},{"block_hashes":["zeLhz9dXtBPFCvzL5t7bcmT01nazfEEhgZpb+iZsi88="],"block_size":4096,"path":"icons/reset_black.svg"},{"block_hashes":["n4JQKhN/t1SZizq/oVMZ/Q6cv+ap9qT/jq88HmU2hb8="],"block_size":4096,"path":"icons/reset_orange.svg"},{"block_hashes":["Te+ZFmkWa3BcNH70/57mF1Wthe5VV6g9jf9wz6Tk7MA="],"block_size":4096,"path":"icons/reset_red.svg"},{"block_hashes":["n77W6LU/UCbwFXmFFhc8l6LhuuILhYuulsDw0Yafb48="],"block_size":4096,"path":"icons/review_black.svg"},{"block_hashes":["ztIiwW17zvGIzrMhXUWRJLMvaNRzfLwQaX64uk+xd80=","HnRK4yKRTXRQi4ncuqJI5VOlLOxOvTRFCixaNDxJxCk=","sxZRI7B/AcFwRkqh+kwXsyyMYraYoOUaGYVMRHbVogU=","Fi8UvtTPNfpK0RjW1f6MKJAxgcv94U6WrwAzssXy94g=","pZgDDVzuKpgMWjg+RDzUX4uDJMe1B+Y4IAqxHb1VmQM="],"block_size":4096,"path":"icons/safari.svg"},{"block_hashes":["5ewH+mGlRMt97WhVIoJNtTllecVNbGvpUGFsyqsOIR0="],"block_size":4096,"path":"icons/selectorsHublogo.svg"},{"block_hashes":["405rToSlooy9G9E6jnQYkThWa4ZVY0w525kEJ6m6XHQ="],"block_size":4096,"path":"icons/slack-logo.svg"},{"block_hashes":["QShsP5K1a3nkG1Co2A7qFwnskKLaswWj0KK8XNSwD2w="],"block_size":4096,"path":"icons/slack_black.svg"},{"block_hashes":["AYVPpOOfLd1wBguhMIrLA4o/R7+YTuSzj6QSS6yYQyk="],"block_size":4096,"path":"icons/slack_yellow.svg"},{"block_hashes":["+JB8B2265MyV/Q2juNAoMQIr4kPYkoqUrwgNWuq5a8U="],"block_size":4096,"path":"icons/stopped.svg"},{"block_hashes":["Qto5YjXQwrgi/r/79vnx1GNjCyAZj2BKPhGJWirRoy4="],"block_size":4096,"path":"icons/support_black.svg"},{"block_hashes":["WrBt9tXKFVgBeRM0kbtcq1aLV9Kn1JVtI5ELsDK+GR4="],"block_size":4096,"path":"icons/support_blue.svg"},{"block_hashes":["BvnbPq4NgxWEAtnfjfiurqu/OaiWtNGUvA+wKb4RAQ0="],"block_size":4096,"path":"icons/support_yellow.svg"},{"block_hashes":["1RzquvS2wczSNWwqJ3nrR1cvvGoNYOsZOtl1AdBf3kw=","1PL8tKV3H3HVM8Al5Nqtcvaf5ZsHGn6wpDwLoUlfCCA=","MFEVftmYq0TBqzmlvAvM0wjkuF+bCYqReW3/RjwS9nQ=","hQdn3ZqVCJGmaytEfdYsnRA1eiaycC0koHr1ET13+5A="],"block_size":4096,"path":"icons/tcStudio_black.svg"},{"block_hashes":["Fd9n1vLPcJUu+TRdmX1b+hyC9TYyqitK24pYqAI+37U="],"block_size":4096,"path":"icons/tcStudio_blue.svg"},{"block_hashes":["Gi0/RZ2X+EegcujWSsoLb8mczX7AJm9+C7jw+B+MFo0="],"block_size":4096,"path":"icons/tcStudio_red.svg"},{"block_hashes":["RwbkMLJMP6P4o+GE6hwolX84NUHd1zeK2RfIuC9RCMM=","+cTiYAOu4PDQWAulguSB33WL8g7TunSHMO8T9R4QDNw=","gcdEBqzZIbZPrPztZZkdR+JfwakK+xxoIYQV4WRd4Io=","n1rWFb4wR/0WJMCWZ7v9KJmcPUBvM9HjEk2iKG/phNI="],"block_size":4096,"path":"icons/tcStudio_redDot.svg"},{"block_hashes":["/3mK27QBKPM+BcYQAxFpMCT76rG6RsCHyI0IinVtvEo="],"block_size":4096,"path":"icons/tcStudio_yellow.svg"},{"block_hashes":["967sEw5gCUm9Q9ztk+nIhxSXl50x9WFA0axHHCfQ+sw="],"block_size":4096,"path":"icons/telegram_black.svg"},{"block_hashes":["3/30/EIgfiZ7/PCe8MyftN3U9PIhyDkN3MADDZn2XmI="],"block_size":4096,"path":"icons/telegram_blue.svg"},{"block_hashes":["Nw71eBQJFevEzEjDMO529buuTJmCMEcncub2YTya7o8="],"block_size":4096,"path":"icons/telegram_yellow.svg"},{"block_hashes":["l4FM9EVEdJjdGzqepjro9+NPvZApCUMET68+e+b2/Rw="],"block_size":4096,"path":"icons/testProject.svg"},{"block_hashes":["USem3z4p/kP31mJgsopzuxPNNs34AsZAjRNZiHmwmr0=","dUq+IASg+S9vnWXsqDXTpuSUvu8xITGtI8evBxowYsg=","Np8+vXFHLu/D7nyQLnfrNGpNfr/UuF/0pcENz31mtPA="],"block_size":4096,"path":"icons/testProject_black.svg"},{"block_hashes":["nnJxgsJ3ypCHYA7tEJqJDgP68W5RyKjeaJpYwauELF4=","iJf0idjo0DaSPBzQfBUyeAULAUnw89JrEqybHk9ivg8=","TY6lDJoehwGVHIUHtCYBN8hIIC2YZBDrEa0uM2JcAJY="],"block_size":4096,"path":"icons/testProject_red.svg"},{"block_hashes":["D+PlpkvBAO81M/I4HNwMi6x2z1uKsd8+TdxbjW0IM+c=","eOokFtq3SyEekUwCexsPdU3GEVONTPKuqDX6oH8JczU=","IoHGg71rFA3W5h14gKUNtuoXDvxML1c9YKwBHXBxebc="],"block_size":4096,"path":"icons/testProject_white.svg"},{"block_hashes":["TFvRoOSRH5ohyCPjkN5R8WjnRRdPSqs1sAbnkYhFgwQ="],"block_size":4096,"path":"icons/twitter_black.svg"},{"block_hashes":["BT6X2llCKFReUI36kF0/aUfiUL8zioAt+LPCs/S9tqU="],"block_size":4096,"path":"icons/twitter_blue.svg"},{"block_hashes":["u4fqsO0+CnWlACD5PY5jR3Fr5QbY8zxDW9p++4za6E0="],"block_size":4096,"path":"icons/twitter_yellow.svg"},{"block_hashes":["hGSxihvPPGydgt4Z1C4Q0DqwmSK1Vr+5BuCoR0Da7eM="],"block_size":4096,"path":"icons/uiSetting.svg"},{"block_hashes":["LBtMJgAwIjhRWi+HyjXnhLEOh4EbEbbDnUHH3j1+QQ0="],"block_size":4096,"path":"icons/upload_black.svg"},{"block_hashes":["f9E/+y5WbXpeYzZYiVhk9r7uWe2b3DPyufWV4ncKO9E="],"block_size":4096,"path":"icons/upload_blue.svg"},{"block_hashes":["EFTiFyY7zk6q+1y2YKPyxln+Xal2NMCQb85EjgEAARU="],"block_size":4096,"path":"icons/youtube_black.svg"},{"block_hashes":["n/9HX9gaWuajtRtS0oxrSn/J5f5bdugvN44jzr/25qU="],"block_size":4096,"path":"icons/youtube_red.svg"},{"block_hashes":["HDeT4nTg6JJUBhA3sT71awOsD9xbutMZDuD4XmA3H24="],"block_size":4096,"path":"icons/youtube_yellow.svg"},{"block_hashes":["BUpv2rWwkiIebk5PCBNiurdz1IsFNfMTj54zt9RL/8k="],"block_size":4096,"path":"README.md"},{"block_hashes":["b35XcYFFZlV9jBqG/nK11wOnkkZfGd6/wVq8FPkt5Mc=","SmXVFlzIAXvDwgWBzGWNDhC5KiGe1yoCfh5Fxo4iQVM=","n4N3Wq38a9hN8op8/yjSiQRK93wACTdGTSaZ+peNbQY=","QwasC+G0cemxg9z20gz9oUdy+zYC0q0viVwoBaVzjlE=","lhODmE+bRa35DWWepGMp32ybs3l32PAooFYmHLqp+AA=","bWsJ3y4CvlXS4lX5Qiv+W/HCbMAnrVSIJZw7P2eT6OM="],"block_size":4096,"path":"testCaseStudio/studio.css"},{"block_hashes":["0IJYUz7Eqy6ncio+EV6XtG/8Zg6Y+wABTyYaWSDxkfw=","/v7KGGNwslcaYhy8bftHCZ8BW5I23ms1mpwZX5xzBpA=","U+OH5i52+ACm23j6CZqLxqWUVLWmqApmqo1kiDqlvUs=","EIrgPvEgVdZrH70o57zXU1I/ccnpoz7oX3Yjna/FgRQ="],"block_size":4096,"path":"testCaseStudio/studioWindow.html"}],"version":2}